Driverid (Trucks),Model,Truckid (Trucks),Apr09 Gas,Apr09 Miles,Apr10 Gas,Apr10 Miles,Apr11 Gas,Apr11 Miles,Apr12 Gas,Apr12 Miles,Apr13 Gas,Apr13 Miles,Aug09 Gas,Aug09 Miles,Aug10 Gas,Aug10 Miles,Aug11 Gas,Aug11 Miles,Aug12 Gas,Aug12 Miles,Dec09 Gas,Dec09 Miles,Dec10 Gas,Dec10 Miles,Dec11 Gas,Dec11 Miles,Dec12 Gas,Dec12 Miles,Feb09 Gas,Feb09 Miles,Feb10 Gas,Feb10 Miles,Feb11 Gas,Feb11 Miles,Feb12 Gas,Feb12 Miles,Feb13 Gas,Feb13 Miles,Jan09 Gas,Jan09 Miles,Jan10 Gas,Jan10 Miles,Jan11 Gas,Jan11 Miles,Jan12 Gas,Jan12 Miles,Jan13 Gas,Jan13 Miles,Jul09 Gas,Jul09 Miles,Jul10 Gas,Jul10 Miles,Jul11 Gas,Jul11 Miles,Jul12 Gas,Jul12 Miles,Jun09 Gas,Jun09 Miles,Jun10 Gas,Jun10 Miles,Jun11 Gas,Jun11 Miles,Jun12 Gas,Jun12 Miles,Jun13 Gas,Jun13 Miles,Mar09 Gas,Mar09 Miles,Mar10 Gas,Mar10 Miles,Mar11 Gas,Mar11 Miles,Mar12 Gas,Mar12 Miles,Mar13 Gas,Mar13 Miles,May09 Gas,May09 Miles,May10 Gas,May10 Miles,May11 Gas,May11 Miles,May12 Gas,May12 Miles,May13 Gas,May13 Miles,Nov09 Gas,Nov09 Miles,Nov10 Gas,Nov10 Miles,Nov11 Gas,Nov11 Miles,Nov12 Gas,Nov12 Miles,Oct09 Gas,Oct09 Miles,Oct10 Gas,Oct10 Miles,Oct11 Gas,Oct11 Miles,Oct12 Gas,Oct12 Miles,Sep09 Gas,Sep09 Miles,Sep10 Gas,Sep10 Miles,Sep11 Gas,Sep11 Miles,Sep12 Gas,Sep12 Miles
driverid,model,truckid,,,,,,,,,,,,,,,,,,,,,,,,,,,,,,,,,,,,,,,,,,,,,,,,,,,,,,,,,,,,,,,,,,,,,,,,,,,,,,,,,,,,,,,,,,,,,,,,,,,,,,,,,,,,
A1,Freightliner,A1,2642,15276,2642,13221,2642,11573,2150,11062,3008,14234,2642,11698,2642,11344,2201,10378,1967,9754,2642,8795,2642,15174,1745,8565,2331,12647,2642,13861,2642,12839,2642,14614,2324,11019,1596,8676,2642,11176,2642,8969,2642,14099,1902,9222,1878,10025,2642,14207,2642,10622,1598,9014,2578,12925,2642,14062,2642,10747,2642,9466,3313,15792,1914,9217,2642,9880,2642,10435,2642,13055,2824,13594,2262,11519,2642,12073,2642,12976,2642,14175,1878,9052,1892,8769,2642,13668,2642,10635,1943,10410,2054,10214,2642,12414,2642,12105,3047,13450,2134,10807,2642,13300,2642,10130,2112,10446,2191,11127
A2,Ford,A2,1827,11892,1827,10463,1827,14364,2800,12024,2323,11050,1827,10283,1827,12070,3013,14595,2301,11848,1827,11656,1827,13100,2953,13911,2607,13608,1827,12774,1827,14755,1827,9259,2929,14392,2346,13583,1827,11743,1827,14043,1827,9545,2290,11134,3353,15362,1827,12034,1827,10367,2980,13769,3114,13206,1827,11719,1827,13829,1827,10377,3344,15316,2335,12058,1827,15158,1827,9406,1827,8978,2329,12693,3157,14114,1827,13912,1827,10942,1827,12786,2718,13838,2648,14314,1827,14744,1827,8529,2650,11542,2597,11236,1827,13797,1827,9667,2135,11296,1939,11380,1827,9660,1827,13264,2027,10224,2324,12934
A3,Ford,A3,3064,15224,3064,10460,3064,13573,2529,12957,2792,12277,3064,9547,3064,14551,2956,13774,2789,13905,3064,10743,3064,12490,2503,13980,2099,10762,3064,14203,3064,12811,3064,9577,2644,13291,1796,8606,3064,10150,3064,12616,3064,10780,1881,9433,2796,13089,3064,11267,3064,12213,1940,9451,2965,14079,3064,11205,3064,14079,3064,13420,2708,12761,2899,13652,3064,11209,3064,15435,3064,11635,2581,12598,1864,9642,3064,9821,3064,11040,3064,11378,2754,13264,2603,12075,3064,11732,3064,15127,1909,8592,1857,10250,3064,9429,3064,11524,2572,11978,2046,9312,3064,9025,3064,14234,2299,10921,1728,8437
A4,Kenworth,A4,2965,14684,2965,8673,2965,10090,3560,15261,2599,11071,2965,11910,2965,14179,2363,12312,2966,13385,2965,14325,2965,9737,2582,12157,2702,12316,2965,15090,2965,9579,2965,14434,2048,9782,1816,8845,2965,14249,2965,14282,2965,14256,2639,11507,2929,14130,2965,12707,2965,13989,1897,10386,2582,11443,2965,13465,2965,12950,2965,8714,2092,9290,2439,12687,2965,13090,2965,15177,2965,14085,2155,11947,2361,12302,2965,14419,2965,11157,2965,10235,2129,11702,2083,10680,2965,12724,2965,13118,2021,10861,2377,11999,2965,12773,2965,9862,2981,13122,3455,14679,2965,8998,2965,13570,1971,11069,3232,13835
A5,Hino,A5,2310,14289,2310,10402,2310,14318,2619,14092,2028,9281,2310,15537,2310,13956,2613,11594,2745,14473,2310,9269,2310,14377,1736,8498,2083,11423,2310,9582,2310,15016,2310,13217,2410,10649,3056,12990,2310,10509,2310,10200,2310,12969,2269,12587,2713,13769,2310,14058,2310,14447,2044,10571,2453,11312,2310,13265,2310,12146,2310,13508,2943,13969,1825,10233,2310,13046,2310,13295,2310,14088,2289,10749,2790,13547,2310,12275,2310,10212,2310,15678,2520,13422,3450,14634,2310,10744,2310,11064,2612,15339,2547,12570,2310,10467,2310,12704,2099,10502,2770,14204,2310,11495,2310,10887,3133,13867,3122,15279
A6,Caterpillar,A6,1915,11053,1915,12684,1915,9261,2373,11661,2161,10927,1915,11260,1915,13941,1923,9734,3045,13617,1915,14266,1915,13735,1828,9839,2596,14293,1915,9924,1915,13618,1915,13198,2292,10744,2983,14322,1915,12680,1915,12659,1915,15596,2849,13503,2435,12956,1915,12715,1915,14539,2767,11385,2583,10513,1915,9193,1915,9379,1915,13574,2164,11623,2883,14488,1915,12388,1915,10226,1915,10725,2232,11573,1866,10972,1915,13367,1915,8992,1915,9115,2274,13088,3091,13317,1915,14728,1915,10332,1996,9902,2384,12593,1915,10162,1915,12365,2893,13531,2690,11899,1915,11256,1915,12739,2322,13636,1540,8693
A7,Ford,A7,2407,12253,2407,15374,2407,14091,2343,10577,2346,13539,2407,9790,2407,10518,2490,12789,1863,9275,2407,8060,2407,11890,2799,14063,2442,11749,2407,9853,2407,14774,2407,9969,2153,11993,2444,12754,2407,12148,2407,14656,2407,10815,2623,12873,2083,11147,2407,10223,2407,10741,3161,14445,2307,11223,2407,13132,2407,10007,2407,11350,2367,13215,2231,10938,2407,12422,2407,14594,2407,12740,2614,13126,2413,13453,2407,14683,2407,13537,2407,14389,1812,8849,2142,12080,2407,12866,2407,14014,1611,9100,2728,15816,2407,10530,2407,12011,2768,13889,2369,13330,2407,9826,2407,10561,2152,10944,2134,10803
A8,Navistar,A8,2501,14780,2501,13626,2501,13806,2125,9916,2202,11422,2501,12712,2501,11932,2308,10579,2235,12366,2501,10837,2501,11351,2859,13562,1690,9660,2501,9773,2501,12001,2501,12250,2402,13326,2813,14133,2501,15316,2501,10313,2501,12457,2129,11289,1819,10184,2501,11768,2501,9773,2239,12385,2759,13869,2501,12787,2501,14765,2501,11363,2686,13025,2280,11392,2501,10938,2501,13724,2501,13871,2768,13638,2478,13142,2501,11397,2501,12951,2501,12901,1967,10661,1834,8922,2501,12641,2501,13023,1992,11060,2359,12201,2501,10699,2501,9836,2446,11088,2155,10650,2501,10444,2501,13387,2699,13408,2952,14691
A9,Volvo,A9,2132,14841,2132,14132,2132,13391,2309,11086,2479,11914,2132,11633,2132,10894,3091,13800,2720,13051,2132,9953,2132,14365,2903,13974,2497,12035,2132,13636,2132,12539,2132,14120,2934,13531,2342,12913,2132,13118,2132,13137,2132,9893,2384,12320,1663,9648,2132,11316,2132,10624,3227,14059,2788,14617,2132,14756,2132,10498,2132,12302,2755,14482,2515,12601,2132,12615,2132,13023,2132,12058,2887,15225,2207,11531,2132,11811,2132,8565,2132,12309,2314,10494,1869,9707,2132,13285,2132,13410,2861,15563,1746,8453,2132,11823,2132,10675,2366,10620,3082,13856,2132,12052,2132,10776,2258,12734,1843,9692
A10,Peterbilt,A10,2195,13086,2195,13672,2195,12827,2881,13728,2473,12833,2195,14045,2195,11687,2438,11840,3110,14740,2195,10993,2195,14176,2758,11466,2472,11971,2195,14468,2195,13568,2195,11950,2156,11215,2622,12751,2195,10654,2195,10435,2195,13292,2763,14100,2104,9391,2195,14839,2195,12447,2041,10210,3106,15351,2195,12902,2195,12002,2195,13328,2332,11393,2583,13699,2195,12030,2195,13771,2195,11954,2056,9443,2436,13168,2195,9940,2195,15542,2195,14832,1887,10254,2077,11583,2195,11864,2195,13526,2911,12994,2762,14276,2195,9031,2195,12092,2480,10937,2298,11132,2195,11072,2195,15044,2288,11992,2988,13841
A11,Peterbilt,A11,2000,12919,2000,12957,2000,15536,2203,9663,2512,11461,2000,10926,2000,13776,2572,11873,1990,9041,2000,12965,2000,14091,2740,12973,2951,15166,2000,8571,2000,11416,2000,11662,2267,11401,2524,11557,2000,11485,2000,9169,2000,12083,2132,11482,3025,15319,2000,9131,2000,11376,2693,12903,1619,9225,2000,15373,2000,13342,2000,13661,2407,11125,2596,12447,2000,10660,2000,12238,2000,14425,2889,14289,3360,14566,2000,13924,2000,14164,2000,11651,2713,11534,3145,15726,2000,12525,2000,10043,2848,13168,2725,12052,2000,10043,2000,13763,1807,9434,1951,8542,2000,10513,2000,9530,2588,13087,2105,10500
A12,Caterpillar,A12,2862,13441,2862,10034,2862,12048,2601,15159,2473,13044,2862,13804,2862,11134,2928,14668,2031,11114,2862,9116,2862,14162,1936,8790,2376,11159,2862,12415,2862,12650,2862,13704,3276,15431,2539,14624,2862,9761,2862,11166,2862,13717,2630,13329,2580,12995,2862,14493,2862,14199,2814,14539,2492,13682,2862,11454,2862,14797,2862,12682,2047,10849,2055,10006,2862,13581,2862,15540,2862,13197,2365,13100,2716,12229,2862,11565,2862,13394,2862,10590,2502,12369,2187,10307,2862,13969,2862,12108,2031,11510,2677,13078,2862,14313,2862,9638,2086,10583,2535,11374,2862,9561,2862,11426,1929,9779,2015,10864
A13,Oshkosh,A13,1875,11264,1875,10674,1875,13355,2785,13525,3504,15470,1875,12689,1875,11484,3393,14843,2560,12663,1875,14190,1875,12712,2672,14602,2127,10189,1875,10200,1875,14445,1875,14076,1639,9401,2583,13177,1875,12093,1875,14152,1875,11518,2270,11129,2343,11656,1875,13041,1875,9435,1991,10146,2428,11815,1875,10264,1875,10188,1875,14361,1918,9292,1792,9740,1875,9740,1875,11441,1875,10276,2592,12792,2249,10682,1875,11300,1875,13542,1875,13128,1671,8977,2873,14663,1875,14367,1875,13363,1946,9535,2698,11652,1875,10361,1875,14212,2004,10748,2805,12238,1875,10989,1875,12982,2905,14279,2843,15263
A14,Crane,A14,2575,15373,2575,12437,2575,13776,2703,13940,1700,8908,2575,13955,2575,14215,1720,9717,2480,12087,2575,8955,2575,10057,2829,13985,2328,11940,2575,9477,2575,10786,2575,11853,2106,11261,2214,12053,2575,13013,2575,9175,2575,12475,2443,12325,1940,10001,2575,14034,2575,8634,2269,11505,2846,13697,2575,10224,2575,12756,2575,14161,2759,14453,1822,10608,2575,13775,2575,10443,2575,13279,1940,10050,2125,10716,2575,12374,2575,14039,2575,11334,2372,13459,2558,12746,2575,15503,2575,11709,2970,15216,1523,8447,2575,11589,2575,13937,2428,12561,2120,10940,2575,10502,2575,11802,2538,11970,2183,11418
A15,Ford,A15,2449,13754,2449,8519,2449,14003,2778,14244,2130,9978,2449,11811,2449,12150,2652,12797,2111,11972,2449,11441,2449,14387,2065,10809,2854,13393,2449,14541,2449,12749,2449,11247,1705,9558,2062,10328,2449,9521,2449,12823,2449,11872,1815,9724,2901,12379,2449,13756,2449,12407,2837,14866,2264,11709,2449,13123,2449,11377,2449,12727,2060,10511,2025,9650,2449,10062,2449,12685,2449,12943,3069,13557,1645,9558,2449,10514,2449,14418,2449,13585,2115,10346,2733,12659,2449,12497,2449,13920,2471,12666,2354,11085,2449,11021,2449,12181,2806,12856,2270,11291,2449,12264,2449,9069,2491,13038,2730,14695
A16,Navistar,A16,2399,11772,2399,10466,2399,13287,2898,14000,1617,9064,2399,9636,2399,13123,1946,8460,2454,13559,2399,10883,2399,11794,3124,15168,3270,14283,2399,11671,2399,12895,2399,10320,2537,13176,2752,12635,2399,11362,2399,12701,2399,10555,2593,13265,2030,10183,2399,9381,2399,8546,2839,12023,2940,13660,2399,13205,2399,12627,2399,9630,1649,9571,2066,10953,2399,14380,2399,11318,2399,12534,1893,10235,1974,9755,2399,12232,2399,10285,2399,11037,1878,10179,2712,12703,2399,12507,2399,15247,2264,11458,2535,14396,2399,14050,2399,13428,2211,10616,2531,10725,2399,13360,2399,8330,2346,11662,2873,13795
A17,Western Star,A17,2597,9663,2597,14002,2597,11049,3238,14067,2384,12940,2597,14457,2597,14002,2714,13579,3126,15006,2597,10828,2597,9874,1941,10614,2479,12183,2597,12157,2597,9787,2597,12022,1961,10627,2420,13086,2597,13581,2597,13290,2597,10319,2412,13184,1865,9767,2597,15436,2597,10889,2600,14323,2358,9956,2597,13804,2597,12787,2597,11700,1616,8477,2823,12939,2597,9738,2597,8268,2597,14342,1975,11660,3311,15294,2597,11873,2597,14577,2597,11168,1618,9097,2050,10500,2597,15174,2597,9572,2988,14447,2003,10748,2597,14343,2597,12386,2252,11587,2656,11610,2597,13501,2597,15079,2726,14421,2771,14041
A18,Caterpillar,A18,1635,12331,1635,10724,1635,13558,2276,11498,2925,12962,1635,9382,1635,13374,2589,12630,2308,10817,1635,10536,1635,12393,3045,14128,2570,12966,1635,10058,1635,14405,1635,11346,1917,9775,2875,14186,1635,9930,1635,11025,1635,12782,2865,14494,2354,13154,1635,9747,1635,9047,2865,14180,2621,14402,1635,14601,1635,10293,1635,10132,2842,15294,2319,11102,1635,11934,1635,14237,1635,10963,2242,12424,1766,10117,1635,11378,1635,13481,1635,15172,2609,13312,2306,13608,1635,10050,1635,13761,2929,14213,2127,11874,1635,15270,1635,9978,2814,13144,1982,9775,1635,9483,1635,13014,2358,12013,1740,10021
A19,Caterpillar,A19,2411,11692,2411,9088,2411,12490,2310,12769,2117,11218,2411,14805,2411,10525,2062,11565,2316,11178,2411,13209,2411,10600,2108,10466,2206,11251,2411,13025,2411,10099,2411,11483,2054,10918,2381,14013,2411,14709,2411,11548,2411,10914,2554,11727,2759,13982,2411,10647,2411,11889,2554,11846,2464,13677,2411,10506,2411,13496,2411,11172,3013,13771,3446,14295,2411,9662,2411,15029,2411,14576,3164,15209,2317,13200,2411,14366,2411,11141,2411,9667,2130,9894,2016,10177,2411,14041,2411,13785,2436,11961,2784,12368,2411,13187,2411,12882,2399,13446,2374,11097,2411,13418,2411,11738,2523,13655,2363,11291
A20,Western Star,A20,2884,11629,2884,10615,2884,12441,2160,10258,2506,13918,2884,12844,2884,9648,2039,9745,2768,12587,2884,13719,2884,9667,2886,14441,2199,11929,2884,10562,2884,9618,2884,12037,2569,13461,2064,10400,2884,12167,2884,14041,2884,9301,2533,11174,2388,11373,2884,12603,2884,10343,2812,14094,1828,9408,2884,10839,2884,13278,2884,11341,2555,12078,2773,11706,2884,12362,2884,12643,2884,9194,2507,13097,2183,9759,2884,15217,2884,10714,2884,14029,2393,10307,1905,9558,2884,13023,2884,12593,2341,9850,2505,11631,2884,10010,2884,11538,2402,12629,2321,13305,2884,10894,2884,10890,2123,11886,2567,13102
A21,Hino,A21,3193,11104,3193,13773,3193,12368,2306,11059,1931,9924,3193,15262,3193,10239,2615,12918,2871,15150,3193,11477,3193,10478,2552,12821,2160,10360,3193,10493,3193,15006,3193,12896,2715,13975,2349,11783,3193,12136,3193,10396,3193,9479,2655,13602,2630,14221,3193,9975,3193,10819,2231,11433,2785,13769,3193,10661,3193,11332,3193,12053,2345,13190,3273,13179,3193,12373,3193,9547,3193,10793,2557,10953,2796,15672,3193,13630,3193,13522,3193,12064,2725,12877,1725,9936,3193,9462,3193,12078,2654,13927,1834,9082,3193,12166,3193,11438,1988,10862,3247,14591,3193,9095,3193,9669,2781,14131,2757,14128
A22,Caterpillar,A22,3080,10230,3080,12073,3080,10026,2806,11547,2399,10195,3080,11446,3080,10212,1958,10295,1817,9147,3080,12774,3080,10889,2128,9825,2138,9512,3080,14677,3080,11091,3080,11290,2064,10329,2467,11232,3080,14709,3080,12640,3080,14323,2477,12067,2451,12822,3080,12489,3080,14358,2452,11065,2070,11416,3080,13041,3080,13298,3080,10415,1705,9557,2438,11038,3080,9776,3080,15177,3080,11194,1598,8926,2894,13610,3080,13560,3080,13718,3080,14178,3162,15220,2530,13641,3080,12322,3080,12040,2940,14968,2779,13699,3080,13678,3080,14351,2286,11441,2610,13256,3080,10432,3080,12703,1963,10683,2503,14394
A23,Ford,A23,2720,13096,2720,12048,2720,9663,2422,12390,2663,12575,2720,10850,2720,15470,2424,11377,2350,11127,2720,10953,2720,12062,2141,10431,1995,9993,2720,10091,2720,11135,2720,12977,2382,12296,2462,12844,2720,12668,2720,14118,2720,11007,2436,13663,2881,13747,2720,10937,2720,8560,2305,10907,2168,9929,2720,12004,2720,10449,2720,10398,1626,9622,3136,13736,2720,14302,2720,11780,2720,11974,2073,9971,2363,11802,2720,12299,2720,9877,2720,12464,1888,10230,2800,13268,2720,11772,2720,10213,2173,10153,2640,12268,2720,13877,2720,12628,3012,12883,2422,11467,2720,13383,2720,14132,2943,13997,2488,11800
A24,Navistar,A24,2510,11458,2510,12502,2510,12338,2020,9360,2174,11552,2510,11325,2510,11490,2531,11461,2159,10573,2510,13087,2510,11806,2215,11104,2478,12662,2510,9344,2510,13976,2510,15126,3147,14335,2614,11500,2510,14749,2510,13619,2510,9407,2287,12000,2038,11595,2510,15542,2510,12136,2723,14489,2885,14641,2510,12316,2510,12541,2510,13688,2804,14198,2490,12038,2510,12795,2510,13934,2510,13679,3103,14420,2419,11438,2510,11452,2510,11686,2510,14829,2037,11109,2922,15021,2510,13018,2510,13258,1725,9344,1944,10998,2510,14119,2510,13121,2447,13077,2501,12349,2510,10087,2510,10910,2426,12853,2782,13879
A25,Volvo,A25,2664,15264,2664,11484,2664,14731,2486,12287,2404,12232,2664,10157,2664,15445,2554,13733,2600,11859,2664,9355,2664,9668,2245,11229,2792,13148,2664,10851,2664,13725,2664,11259,2719,14507,1695,8410,2664,12761,2664,10317,2664,12153,2029,9928,2306,12382,2664,10699,2664,12979,3100,14066,1987,10468,2664,10885,2664,11349,2664,11914,2048,10422,2654,11408,2664,9940,2664,13956,2664,14508,1579,8259,1772,8988,2664,13509,2664,14073,2664,10497,3080,13695,1828,10088,2664,11763,2664,15122,2284,12934,3359,14993,2664,10656,2664,11326,1565,8322,2713,15480,2664,9823,2664,12372,2894,13050,2017,10926
A26,Peterbilt,A26,2244,11529,2244,12736,2244,12933,2348,13062,1807,8560,2244,10824,2244,9744,2601,14234,2415,12833,2244,12110,2244,10713,2484,12958,1767,9429,2244,10739,2244,13706,2244,10130,2526,14121,3098,13656,2244,10150,2244,11089,2244,8798,2385,13231,2390,10862,2244,10829,2244,11090,2102,9902,2654,14405,2244,11020,2244,10451,2244,12268,2078,10969,2348,11612,2244,13836,2244,11177,2244,12053,2905,14710,1868,8524,2244,12036,2244,8720,2244,13669,2102,10271,1688,8304,2244,11188,2244,10983,2733,14299,2213,11531,2244,9720,2244,9310,2329,12888,2977,13058,2244,13839,2244,9745,2207,11475,2076,9761
A27,Peterbilt,A27,2575,10986,2575,10315,2575,13719,3076,14847,2962,13809,2575,8964,2575,13344,2239,12303,2123,12208,2575,11245,2575,10491,2297,12931,2703,13036,2575,11029,2575,10791,2575,14440,2639,14655,2255,10212,2575,14469,2575,12544,2575,13444,2414,12338,2429,11708,2575,14232,2575,13067,1991,10934,2257,10700,2575,9946,2575,10309,2575,15203,3307,14386,2464,11147,2575,13366,2575,8758,2575,13529,2137,10280,2887,14840,2575,13468,2575,9898,2575,12076,2951,14880,1740,9248,2575,11251,2575,15034,2470,12399,2716,13872,2575,15158,2575,14546,2218,9963,2700,14056,2575,14738,2575,15471,1980,10353,1866,9665
A28,Caterpillar,A28,1959,13005,1959,9600,1959,10448,2687,12890,2237,10204,1959,13878,1959,15138,2672,14778,1843,9972,1959,15509,1959,14048,2993,13751,2263,11717,1959,8433,1959,14091,1959,14352,2639,12822,2087,10278,1959,11600,1959,9399,1959,14421,3013,14394,2357,13762,1959,13057,1959,8618,2023,10178,1999,10420,1959,13175,1959,10010,1959,10752,1627,8221,2246,10216,1959,11222,1959,11468,1959,11686,2658,14284,2602,14386,1959,10288,1959,14277,1959,10382,2634,14114,2979,13579,1959,11781,1959,12426,2453,12405,2192,11919,1959,14281,1959,9986,2572,12697,2913,14301,1959,10858,1959,13463,2401,11771,2217,10969
A29,Ford,A29,2689,12428,2689,11272,2689,11142,1767,9950,1939,10023,2689,14008,2689,14959,3095,13507,2662,12731,2689,14215,2689,9716,2070,9208,2954,13040,2689,12508,2689,10668,2689,10728,1948,9216,2182,12067,2689,14186,2689,8703,2689,12354,2624,14217,1689,8618,2689,14847,2689,12240,2548,12000,1961,9764,2689,8824,2689,11979,2689,14945,2327,13422,2606,12091,2689,11916,2689,11009,2689,12266,2421,12177,1838,9234,2689,11764,2689,9803,2689,9518,3290,14937,2819,14148,2689,11410,2689,9128,3047,14100,1663,8522,2689,12554,2689,11967,2002,10976,2730,12214,2689,11544,2689,11059,1549,8513,2107,10921
A30,Ford,A30,1637,11803,1637,9499,1637,10441,2592,13715,1946,9202,1637,11229,1637,13163,3188,13941,2621,12264,1637,14055,1637,14511,2095,10324,1828,10542,1637,14220,1637,9651,1637,15513,2500,13973,2455,11291,1637,9915,1637,12158,1637,11456,2793,12166,2908,13107,1637,13213,1637,10072,1597,8846,2600,11275,1637,10196,1637,14836,1637,9768,2542,12418,2923,14366,1637,14365,1637,10196,1637,14375,2897,12057,3235,14854,1637,11802,1637,10514,1637,9052,2277,10443,2579,12823,1637,8611,1637,13572,3003,13299,3007,13929,1637,13245,1637,13437,2831,13042,2442,12075,1637,11010,1637,12245,1828,9225,1764,10012
A31,Kenworth,A31,2281,14169,2281,13611,2281,10544,2872,12385,2258,12557,2281,9616,2281,10694,3091,14217,1976,10783,2281,11059,2281,9888,1987,9984,2707,14400,2281,12368,2281,11894,2281,12452,2715,12036,2076,9809,2281,11009,2281,12682,2281,12616,2891,14518,2893,14064,2281,12052,2281,10912,3430,15660,2256,11857,2281,13217,2281,13077,2281,14672,2323,13003,1980,10690,2281,13512,2281,15010,2281,12319,3036,15407,3019,15515,2281,9845,2281,9723,2281,14044,2021,9460,2597,13172,2281,14145,2281,12888,3199,14513,3044,14958,2281,14879,2281,8993,2218,10917,1978,11455,2281,13214,2281,11457,1982,9167,2570,11532
A32,Hino,A32,2095,9177,2095,13106,2095,13622,2602,12134,2927,12306,2095,14521,2095,11973,2269,10496,2752,13696,2095,15836,2095,8854,2328,11741,1974,10129,2095,12412,2095,8956,2095,13829,2439,11442,1961,9094,2095,12891,2095,14062,2095,9344,2684,13570,2514,12671,2095,11146,2095,9002,3239,14890,2343,13498,2095,11836,2095,10436,2095,10339,2650,11809,2098,10517,2095,9326,2095,8774,2095,11729,3114,13262,1751,9233,2095,10185,2095,10814,2095,10639,2218,12153,2805,13754,2095,12302,2095,11157,1805,9542,1942,9615,2095,14028,2095,11469,3319,13936,2303,11291,2095,8838,2095,10560,2927,13500,2473,11776
A33,Caterpillar,A33,1938,13267,1938,11592,1938,13332,2174,10593,3575,14605,1938,11541,1938,10615,1762,9129,1892,10704,1938,12247,1938,13313,1750,8873,2703,13372,1938,11283,1938,14074,1938,13671,2182,10677,1789,8840,1938,12416,1938,13160,1938,13453,1913,9295,2855,15012,1938,8308,1938,12377,3096,14075,2537,13309,1938,10889,1938,9974,1938,12800,2085,11641,2650,13125,1938,14483,1938,11033,1938,10111,2852,14174,2523,14208,1938,14477,1938,12118,1938,11714,2959,13550,2743,12176,1938,11010,1938,9892,2963,14966,2321,13346,1938,9548,1938,14743,2517,12478,2260,11154,1938,10378,1938,8693,2031,11284,2831,14949
A34,Freightliner,A34,2635,12310,2635,9298,2635,9414,2412,12544,1983,11175,2635,14686,2635,11171,2889,13172,1941,9701,2635,13189,2635,12350,2226,12913,1933,10636,2635,8713,2635,11332,2635,14611,1834,10068,2604,13599,2635,10328,2635,9485,2635,14879,2561,11294,3679,15609,2635,9723,2635,11616,2371,14032,2966,12643,2635,13810,2635,10254,2635,13028,3150,13943,2569,12168,2635,11995,2635,11388,2635,13205,2408,13533,2600,14275,2635,13912,2635,10543,2635,9005,2738,13699,1989,11267,2635,11248,2635,14368,2631,12865,2571,12367,2635,12387,2635,9725,2689,12637,3082,15092,2635,11692,2635,14155,2489,11755,1983,10849
A35,Ford,A35,1908,13602,1908,9952,1908,14496,2257,9463,2718,12964,1908,12906,1908,12569,2293,10906,2481,12530,1908,10266,1908,14001,2106,11860,2568,13166,1908,9078,1908,12156,1908,12715,2629,13582,2760,12937,1908,9151,1908,12624,1908,13563,2401,13381,1925,8842,1908,14935,1908,9847,1795,9553,1890,10560,1908,10510,1908,12595,1908,12833,1938,10602,2229,11740,1908,11420,1908,11953,1908,8314,2666,12639,1636,8837,1908,13818,1908,11215,1908,12521,1894,9699,2697,15616,1908,10138,1908,14748,2314,9573,2108,10070,1908,9659,1908,13335,2589,13633,1993,10231,1908,12036,1908,11891,2409,12296,2641,13542
A36,Ford,A36,2627,11678,2627,11129,2627,13480,2086,10173,2600,11685,2627,13830,2627,11461,2090,10377,2915,13906,2627,9286,2627,10921,3152,13403,2328,11613,2627,14313,2627,12927,2627,8949,3050,13665,2369,10767,2627,15252,2627,12825,2627,14507,3005,14705,3013,14087,2627,9302,2627,9972,2976,14119,1834,10245,2627,14370,2627,9001,2627,10030,2000,11142,2615,15008,2627,13997,2627,10581,2627,14062,2071,10720,2082,10353,2627,10479,2627,11156,2627,11851,2039,9500,2366,13320,2627,10714,2627,14247,2409,11513,1696,9541,2627,12328,2627,10845,2702,12690,2342,11275,2627,11854,2627,13574,2569,13459,2520,13127
A37,Kenworth,A37,2274,10543,2274,13638,2274,11632,2088,9195,2339,11356,2274,10804,2274,11835,1803,10466,2730,15706,2274,11305,2274,12399,2039,10496,1771,9683,2274,10373,2274,12359,2274,9267,3110,13433,2434,11410,2274,14110,2274,15324,2274,11645,2727,12459,2794,13413,2274,11428,2274,14283,2889,12656,2779,13537,2274,8416,2274,10678,2274,12334,2763,12621,3316,14819,2274,12482,2274,14703,2274,14300,1718,9413,3036,14364,2274,13035,2274,10397,2274,9163,2993,13358,2344,10340,2274,10378,2274,11896,2168,9261,3155,15055,2274,12915,2274,9639,2125,10768,2828,13972,2274,11651,2274,11030,2322,12403,1776,10006
A38,Hino,A38,1776,11470,1776,8512,1776,13759,2326,13271,2834,13361,1776,9691,1776,13322,2931,12736,1833,10132,1776,10368,1776,12015,3233,14594,3094,15277,1776,9287,1776,8521,1776,11840,2813,15264,3277,13595,1776,11099,1776,9799,1776,10430,2045,10239,2134,10045,1776,10068,1776,10731,1662,8846,2341,11305,1776,11678,1776,14544,1776,12186,3112,15194,2414,13834,1776,9727,1776,15146,1776,13779,2003,10269,2817,12859,1776,13240,1776,10337,1776,13267,2618,13667,2460,14089,1776,13271,1776,9379,2386,11314,2708,14651,1776,14435,1776,13081,2391,11937,2224,10701,1776,12958,1776,15030,1895,10395,2031,9952
A39,Caterpillar,A39,2448,11717,2448,9302,2448,12056,2684,13891,2340,11002,2448,11290,2448,13758,2187,11936,2266,12857,2448,13372,2448,11462,2909,13369,2407,12711,2448,12579,2448,13817,2448,14400,1983,10151,2143,11579,2448,15371,2448,15006,2448,14863,2262,12306,2965,12275,2448,10812,2448,11820,2242,10266,2918,13746,2448,11499,2448,11174,2448,14673,1833,9784,2896,13752,2448,14046,2448,9954,2448,10550,2982,14227,2535,12372,2448,13854,2448,10277,2448,11455,2639,13021,2075,10192,2448,10437,2448,9508,1669,8254,2246,11363,2448,12021,2448,10816,2273,10544,2611,11153,2448,13718,2448,10707,2231,10718,2828,14634
A40,Ford,A40,1795,11135,1795,9996,1795,9486,2923,13822,2858,14530,1795,10863,1795,13269,1967,10718,3224,14275,1795,15800,1795,12416,2010,9984,1850,10167,1795,12630,1795,11494,1795,14225,3086,13892,1846,9270,1795,11425,1795,11389,1795,11253,2806,12010,2647,14067,1795,9396,1795,13771,1904,10257,2233,10920,1795,11858,1795,14272,1795,12709,2606,10873,2630,10876,1795,11780,1795,9152,1795,10748,2936,14574,2543,14391,1795,13425,1795,10628,1795,12541,1984,11792,2871,13075,1795,9323,1795,12482,2426,10872,3272,15077,1795,8767,1795,12628,2327,10821,2482,10601,1795,10324,1795,14313,2539,12761,1877,10003
A41,Navistar,A41,2474,13218,2474,10993,2474,13099,2590,11767,2471,11797,2474,10363,2474,13613,2715,14596,1908,10598,2474,11015,2474,8320,1684,9699,2723,13217,2474,13974,2474,12200,2474,10757,2557,11744,2300,10657,2474,12596,2474,10989,2474,14501,1817,8954,2906,13362,2474,12750,2474,12157,2128,11773,2640,15076,2474,10915,2474,11401,2474,9553,2177,10862,1636,8490,2474,11302,2474,11123,2474,10123,2984,13069,2028,8686,2474,11178,2474,12025,2474,14601,2119,11368,1969,11233,2474,13817,2474,11709,2378,10002,2447,11521,2474,11007,2474,13578,1831,10523,2174,9374,2474,12311,2474,10359,3246,14165,3323,14524
A42,Volvo,A42,2896,12693,2896,9255,2896,14111,2462,14111,2599,12425,2896,13114,2896,9072,1974,9799,2577,11787,2896,10832,2896,13172,2011,10049,2245,10052,2896,15231,2896,14804,2896,8981,2954,14091,2648,12513,2896,12488,2896,13385,2896,11645,1863,10170,2350,11976,2896,11106,2896,13019,1630,8967,2623,14061,2896,10816,2896,10753,2896,11979,2931,13672,1989,9734,2896,12011,2896,8918,2896,10199,1923,11128,2457,12691,2896,13942,2896,14088,2896,13846,1954,9583,2448,11259,2896,15429,2896,10868,2348,12910,1815,9773,2896,11084,2896,10124,2555,12824,2097,10120,2896,10104,2896,14150,2095,10538,1717,9010
A43,Peterbilt,A43,3180,10107,3180,10335,3180,9331,2699,13682,1731,8430,3180,13632,3180,15490,2127,10115,1998,9966,3180,13117,3180,13774,2032,10992,2199,11934,3180,14698,3180,9384,3180,12455,2258,11173,2653,14449,3180,9354,3180,14721,3180,14403,1805,9042,1659,8464,3180,9292,3180,14312,1796,8946,1979,11062,3180,13154,3180,9565,3180,13884,2218,11628,2472,11657,3180,9744,3180,13543,3180,10032,2645,13651,1931,9451,3180,10626,3180,15304,3180,14512,2186,10345,2711,13262,3180,13944,3180,11178,1909,9902,1974,9231,3180,14506,3180,10304,2930,15757,2548,12932,3180,15316,3180,12616,2167,11178,1845,10351
A44,Peterbilt,A44,2450,11660,2450,12498,2450,13091,2047,11074,1874,9611,2450,13336,2450,11370,1928,10332,2781,12784,2450,10701,2450,9638,2165,10901,1905,11057,2450,10489,2450,10364,2450,9873,2971,15209,2257,10948,2450,14338,2450,13593,2450,12618,2798,12159,2022,11584,2450,10823,2450,14326,2989,14462,2634,14404,2450,13148,2450,13395,2450,11934,2130,11294,2959,13505,2450,9555,2450,11138,2450,10348,2457,13453,2158,10790,2450,13093,2450,13374,2450,13156,2151,11873,2872,14594,2450,10762,2450,14510,2911,14318,1946,9926,2450,10382,2450,10507,2455,12187,1818,9817,2450,13380,2450,12211,2116,11788,2634,14918
A45,Caterpillar,A45,2171,10461,2171,10521,2171,12674,2427,12650,2059,10178,2171,13563,2171,14155,2176,9922,3401,14956,2171,9754,2171,9583,2567,13327,2567,12958,2171,11547,2171,11831,2171,14549,2742,11629,2044,10786,2171,14497,2171,13206,2171,13725,2104,9272,3155,14155,2171,12621,2171,14583,2312,10337,1781,9176,2171,12385,2171,11925,2171,10810,2924,14687,2035,10591,2171,9828,2171,9696,2171,10558,2579,14208,2788,11958,2171,11891,2171,13441,2171,10129,2114,10148,2573,12738,2171,10803,2171,9903,2107,9913,2174,11072,2171,12035,2171,10221,1815,9577,2604,13814,2171,13071,2171,12687,2831,12779,2177,10720
A46,Volvo,A46,2422,14916,2422,13862,2422,14058,2065,9635,2253,12628,2422,12016,2422,12060,1641,8638,2360,12438,2422,13407,2422,10260,2054,10289,1865,9448,2422,14444,2422,9137,2422,9662,2538,12888,2113,11328,2422,12700,2422,8912,2422,12429,2211,11793,2189,11708,2422,11337,2422,9132,1575,9227,2599,13448,2422,11805,2422,14182,2422,11324,1757,9371,3104,14498,2422,14399,2422,10551,2422,11793,2923,15027,1695,8852,2422,9584,2422,15704,2422,10572,2281,11001,2435,14035,2422,13047,2422,13081,2435,10847,2164,10734,2422,13948,2422,12650,1939,9659,1891,9646,2422,14314,2422,15085,2233,9749,2511,13402
A47,Peterbilt,A47,2535,8599,2535,15193,2535,12402,1598,9254,2693,11470,2535,12258,2535,13262,2097,10319,1851,9705,2535,11259,2535,14001,2817,11974,3008,14195,2535,12219,2535,10922,2535,10520,2926,13978,2407,13316,2535,9745,2535,10358,2535,11035,1965,9237,3115,15261,2535,14458,2535,10311,2968,13090,2179,9585,2535,11341,2535,10611,2535,9875,2189,11376,2672,13115,2535,12558,2535,12043,2535,11085,2273,10212,2931,13571,2535,13695,2535,10544,2535,11209,2161,11182,1719,8435,2535,14509,2535,9964,2085,9179,1930,10040,2535,11467,2535,8899,2464,12273,2172,11815,2535,12722,2535,13009,2502,11506,1897,9675
A48,Peterbilt,A48,1944,13997,1944,10726,1944,9120,2979,15471,2935,13387,1944,10292,1944,9837,2285,11994,2444,12439,1944,12384,1944,11568,2144,8894,1818,10166,1944,12727,1944,10697,1944,8434,1914,10162,3224,15070,1944,14742,1944,12366,1944,10310,3097,15580,1894,10395,1944,12690,1944,12150,1898,10463,2231,9613,1944,14547,1944,10085,1944,9799,2178,11668,2287,12603,1944,8666,1944,14149,1944,13131,2871,13440,2030,9929,1944,11165,1944,10283,1944,9004,1888,9119,2405,10813,1944,11444,1944,15198,1810,9162,2012,11733,1944,14191,1944,9910,1647,8840,1913,9674,1944,12585,1944,14676,3155,15241,2658,14404
A49,Caterpillar,A49,1873,12283,1873,12806,1873,14246,2602,11656,2041,10373,1873,13195,1873,11651,1854,9785,2579,13033,1873,11126,1873,11253,2043,10690,2307,10818,1873,12221,1873,10176,1873,9266,2510,11307,2237,11146,1873,12791,1873,13738,1873,9980,1640,8823,2764,13648,1873,9741,1873,12015,1916,9819,2303,10339,1873,14496,1873,11158,1873,12935,2051,10604,2355,12444,1873,13127,1873,9391,1873,12316,2554,12444,2635,12833,1873,12947,1873,10709,1873,9889,3118,15078,1653,9039,1873,12613,1873,10390,3255,14339,2912,12555,1873,10704,1873,11192,2799,14442,2480,10339,1873,12011,1873,9116,2788,12694,2017,9605
A50,Oshkosh,A50,2880,14873,2880,9136,2880,8768,2572,14401,2384,11230,2880,12068,2880,10600,2823,12336,2023,9776,2880,12304,2880,11605,2755,14538,2635,12873,2880,14067,2880,9714,2880,9187,2609,13254,1733,9085,2880,12870,2880,10157,2880,14991,2054,10245,1931,9282,2880,10214,2880,13128,1906,10022,2239,9738,2880,12837,2880,9704,2880,10478,2185,9526,3153,14917,2880,15032,2880,12003,2880,14347,1822,9407,2957,12959,2880,12168,2880,14565,2880,10723,2266,11198,2797,13991,2880,11023,2880,15102,1928,10320,2603,11262,2880,12144,2880,13975,1618,8896,2460,12526,2880,11396,2880,14209,2906,13607,2390,11292
A51,Crane,A51,1961,10011,1961,13371,1961,12195,1952,11533,2289,10788,1961,11631,1961,10978,1833,10536,1960,9236,1961,9025,1961,11006,2398,10616,2139,10250,1961,10194,1961,11671,1961,12334,2006,11354,2339,11338,1961,13945,1961,13477,1961,11905,2040,11705,1866,9703,1961,12126,1961,10212,2298,12253,2314,13323,1961,12768,1961,15346,1961,11049,2217,10329,2214,9423,1961,11662,1961,13384,1961,13398,2422,10630,2023,11504,1961,15559,1961,10567,1961,9331,2005,10447,1743,9794,1961,13087,1961,12156,1945,10452,2288,12706,1961,11028,1961,13741,2030,10509,1664,9436,1961,10403,1961,14606,1910,8830,2990,13903
A52,Ford,A52,2854,13359,2854,13163,2854,12053,2076,11080,2911,14872,2854,13679,2854,15080,3087,14174,2952,15013,2854,11999,2854,12167,2476,11421,2506,14324,2854,12346,2854,13802,2854,12959,2304,11403,2681,13266,2854,14438,2854,14835,2854,12291,2656,11225,2749,13761,2854,10040,2854,15025,2422,11656,2223,11463,2854,10999,2854,13005,2854,10324,2560,12089,2545,12971,2854,14979,2854,10128,2854,11511,2695,12867,1890,10103,2854,9341,2854,12213,2854,13089,2869,12904,2653,12805,2854,12215,2854,14738,2931,14594,2214,11496,2854,13297,2854,15021,1837,10251,2530,13767,2854,12157,2854,13469,2641,12316,2038,10588
A53,Navistar,A53,2744,12567,2744,11573,2744,8860,2303,10793,1914,10100,2744,11238,2744,10309,2712,12883,2126,9851,2744,14715,2744,11372,2580,13528,3022,15002,2744,12353,2744,8460,2744,10639,1924,10792,2687,14076,2744,12546,2744,13178,2744,13040,2552,12859,2036,10067,2744,12061,2744,14316,2219,11449,1641,8700,2744,14321,2744,10419,2744,10868,3019,14852,2049,9796,2744,11745,2744,10761,2744,9997,2689,13838,2646,13133,2744,11138,2744,12176,2744,15058,2892,14349,2532,12691,2744,12124,2744,12762,2149,11393,2059,11100,2744,11398,2744,9765,1979,10327,2479,12175,2744,11866,2744,15703,2723,13478,1772,9819
A54,Western Star,A54,2224,11599,2224,10966,2224,13703,2597,14776,1724,9813,2224,12037,2224,9667,2713,12969,2476,12681,2224,11907,2224,10251,2753,13587,3014,14210,2224,9655,2224,11633,2224,9527,2637,12933,2678,12101,2224,9731,2224,12536,2224,13540,2200,10668,3430,15533,2224,11934,2224,8778,2207,12379,2613,13456,2224,11212,2224,13059,2224,9793,2802,13122,2760,14969,2224,8567,2224,14424,2224,10794,2789,13883,2016,10303,2224,9950,2224,12994,2224,11809,1741,9975,2732,14223,2224,11213,2224,11858,1889,9747,2935,14943,2224,13187,2224,11563,2915,15225,2011,10627,2224,11258,2224,14185,2136,9649,2053,10918
A55,Caterpillar,A55,2478,11318,2478,13813,2478,12545,2292,11124,2329,10370,2478,13985,2478,10475,3152,15616,2393,13155,2478,14499,2478,8805,2376,12120,2110,9332,2478,11826,2478,10135,2478,14334,2041,9503,2379,12043,2478,10184,2478,12482,2478,13217,2521,12459,2727,13845,2478,11682,2478,9149,2994,13435,1713,8513,2478,10525,2478,13338,2478,9221,1800,9174,2217,11401,2478,14284,2478,13126,2478,8650,2422,13442,2472,12203,2478,12307,2478,15017,2478,15664,2866,14156,1803,9565,2478,10019,2478,12911,3131,13549,2231,12943,2478,8389,2478,12722,2001,9786,2043,11482,2478,12184,2478,12107,2160,11144,2929,12871
A56,Caterpillar,A56,2689,14648,2689,10794,2689,11101,2054,10912,1735,9841,2689,11771,2689,9993,2314,13510,1962,9670,2689,13809,2689,12348,2441,11573,2928,14640,2689,14018,2689,12969,2689,12721,3164,14282,2427,12056,2689,10999,2689,13356,2689,10704,1680,8290,2049,12180,2689,9099,2689,13164,2543,12347,1909,8736,2689,8829,2689,10097,2689,10401,2226,10932,2790,14241,2689,14585,2689,14411,2689,14649,2722,14537,2041,11534,2689,11580,2689,14440,2689,15380,3138,15092,2412,12995,2689,14624,2689,10051,2301,10381,2442,11321,2689,13053,2689,11975,2911,13677,2306,10407,2689,10030,2689,11381,2805,13829,2311,11708
A57,Freightliner,A57,2716,13572,2716,13391,2716,11784,1499,8389,1578,9413,2716,12352,2716,14114,2425,12867,2623,13558,2716,12646,2716,9371,1961,10565,2220,12434,2716,13039,2716,11548,2716,11253,2873,13991,2227,11955,2716,9130,2716,13456,2716,10214,1817,8899,1753,9150,2716,13377,2716,11402,1893,10767,2669,12770,2716,14715,2716,9669,2716,13838,2469,11869,2193,9507,2716,12001,2716,11371,2716,15210,3120,14633,2524,14107,2716,11286,2716,13050,2716,12144,3039,13529,2412,11477,2716,11122,2716,14301,2720,13220,2197,9931,2716,10143,2716,12312,1776,9497,2391,11634,2716,12083,2716,11733,3214,15046,2852,13969
A58,Ford,A58,3178,10747,3178,11380,3178,13898,2828,13834,3178,15375,3178,14413,3178,14056,2872,13769,2406,11445,3178,10699,3178,12990,2020,9961,1982,9924,3178,12622,3178,10684,3178,15172,3281,14201,1737,8403,3178,13218,3178,10213,3178,10986,2914,14310,2799,12040,3178,14309,3178,14867,2889,12857,2350,12750,3178,14513,3178,12564,3178,13335,2735,13726,1826,10074,3178,12885,3178,10650,3178,8786,2611,14534,3218,13713,3178,11380,3178,13318,3178,13237,2044,11468,2174,10110,3178,11556,3178,12386,2121,10755,2800,12929,3178,12978,3178,11264,2305,11641,2339,11623,3178,11418,3178,9252,2024,10773,2747,13078
A59,Ford,A59,1990,11388,1990,11329,1990,14026,2016,8905,2388,11870,1990,14331,1990,14419,2704,13949,1790,9439,1990,14119,1990,10291,2082,9980,2620,13745,1990,14458,1990,12579,1990,14604,2530,12937,2837,13051,1990,11760,1990,14346,1990,13971,2128,10671,2474,13932,1990,9894,1990,10755,2057,10589,2866,15264,1990,10399,1990,14514,1990,11022,2014,9711,2744,13739,1990,14545,1990,8767,1990,11193,2013,9636,2506,14729,1990,11330,1990,10006,1990,12095,2793,12540,1870,8690,1990,13978,1990,12205,2406,11466,2060,9135,1990,13893,1990,10003,2916,14592,2237,11680,1990,10901,1990,9729,2664,12546,2320,11341
A60,Caterpillar,A60,1793,11019,1793,13269,1793,15532,2085,10125,1673,8915,1793,15125,1793,9954,2350,12883,2276,10078,1793,13718,1793,13122,2495,11714,3119,14254,1793,10698,1793,14893,1793,14326,2825,12391,2438,12866,1793,10465,1793,9583,1793,8706,1797,9553,2464,13646,1793,10451,1793,13352,2784,14099,2389,11153,1793,9643,1793,15118,1793,8987,2904,14207,1886,9834,1793,12868,1793,12045,1793,12733,2748,14451,2264,11858,1793,10120,1793,13735,1793,13971,2832,11854,2090,10745,1793,14846,1793,11817,2232,11096,2429,11929,1793,10795,1793,10111,2726,14751,3058,15339,1793,10752,1793,10256,2012,10413,2582,12866
A61,Freightliner,A61,1598,9883,1598,15087,1598,13797,2374,10097,3154,14154,1598,11624,1598,10133,2444,11789,2913,14274,1598,13389,1598,11390,2536,11882,2400,10776,1598,11975,1598,12544,1598,13842,2472,12978,2720,12463,1598,14357,1598,14870,1598,10369,1776,9217,3041,13118,1598,9415,1598,12402,2105,10134,2366,12348,1598,9829,1598,12306,1598,14208,2361,12017,3058,14092,1598,14559,1598,9864,1598,13261,1994,9870,2422,11324,1598,12668,1598,9038,1598,11043,2798,12769,2503,12606,1598,11480,1598,8703,2573,12237,2218,10972,1598,12192,1598,8929,2372,12390,2135,10494,1598,9672,1598,10297,3362,15268,2480,13859
A62,Ford,A62,1806,13391,1806,14009,1806,12043,1945,9671,1988,10129,1806,10522,1806,13327,2382,12803,2296,11230,1806,9890,1806,10130,2965,14793,2962,14810,1806,13652,1806,8786,1806,12888,1928,9178,2466,12069,1806,14614,1806,8777,1806,11849,2025,8882,2150,11059,1806,14934,1806,13421,2594,12259,2155,10386,1806,9697,1806,15713,1806,9561,2303,12270,2061,11441,1806,8689,1806,9116,1806,13071,2768,13308,2064,10083,1806,13598,1806,10222,1806,8458,2141,10897,2458,13643,1806,9830,1806,10099,1908,8685,2200,12592,1806,12770,1806,9999,1867,10143,2162,9809,1806,11477,1806,11877,3105,14278,3304,15425
A63,Ford,A63,2339,15317,2339,12912,2339,13792,2873,13459,2205,10789,2339,9077,2339,10321,2014,9035,3226,14558,2339,11836,2339,12505,2512,13551,2370,13326,2339,11353,2339,11681,2339,8126,1773,10233,2958,14505,2339,9893,2339,10124,2339,9787,1995,8821,2036,10656,2339,10603,2339,9095,1848,8502,3032,14273,2339,13132,2339,8684,2339,9961,3096,14278,2747,13364,2339,12814,2339,13211,2339,10752,2387,12684,2243,12599,2339,10289,2339,11477,2339,11103,1894,8949,2124,10325,2339,12121,2339,12966,2561,12860,1847,10804,2339,10754,2339,12134,2951,14033,2359,12820,2339,10832,2339,11825,1920,11188,2479,12495
A64,Kenworth,A64,2526,9901,2526,13148,2526,11540,1907,8573,2107,10101,2526,11090,2526,13532,2953,13728,3047,13036,2526,13948,2526,13313,2162,10990,2745,13851,2526,15064,2526,10174,2526,9735,2653,14491,2988,13989,2526,12261,2526,9837,2526,11898,1691,8378,1568,8993,2526,9299,2526,15154,2725,12433,2552,13412,2526,14491,2526,12625,2526,9937,2716,11779,2230,11865,2526,12368,2526,11002,2526,12662,2271,10202,2094,10231,2526,12554,2526,12742,2526,12488,1836,10329,2111,10590,2526,10650,2526,11086,2499,12199,1980,10306,2526,12527,2526,13125,2758,11364,2373,11802,2526,12892,2526,12742,3053,14277,2232,11120
A65,Hino,A65,2844,13018,2844,13002,2844,12201,2870,14224,2454,11501,2844,15372,2844,11553,3558,15430,3075,12535,2844,13436,2844,11796,3060,14345,2943,14308,2844,15309,2844,12792,2844,13841,1639,8917,2228,11595,2844,13779,2844,9464,2844,9481,1932,9882,2057,10240,2844,11615,2844,10232,2391,11420,2925,15191,2844,15373,2844,10959,2844,9914,1848,9533,2997,14214,2844,10937,2844,11714,2844,11289,1774,8842,2700,11506,2844,13573,2844,13482,2844,12359,2111,8921,1864,10912,2844,15225,2844,9967,2314,12090,2091,11027,2844,9897,2844,13534,2595,13171,2589,12562,2844,15294,2844,9664,2836,13852,2807,12623
A66,Caterpillar,A66,2181,13957,2181,12124,2181,14278,2049,10369,2331,11608,2181,9365,2181,10756,2633,13913,2310,12550,2181,14579,2181,15027,1914,9780,3654,15176,2181,14330,2181,10194,2181,11065,2675,13311,2160,11718,2181,14115,2181,11358,2181,13572,2090,10940,1673,8952,2181,10169,2181,14247,3046,14661,1756,9062,2181,13218,2181,12406,2181,12906,1822,9981,2718,12719,2181,9959,2181,10545,2181,15622,2673,13501,1984,10458,2181,10751,2181,12136,2181,10429,2613,13390,2159,10120,2181,14063,2181,15272,1993,9692,1894,10195,2181,9327,2181,11603,2490,14119,2554,13011,2181,15091,2181,10814,2969,13949,2990,13960
A67,Ford,A67,1934,13843,1934,12340,1934,11165,1997,10707,2161,10443,1934,10586,1934,10910,2013,10682,1678,9783,1934,13759,1934,10870,2554,11274,1898,9894,1934,11117,1934,9133,1934,15321,2480,11680,1975,8927,1934,13707,1934,10021,1934,11183,1865,9689,2488,13632,1934,13466,1934,11030,2618,12656,2498,11800,1934,11897,1934,11216,1934,9500,3016,13444,2460,12458,1934,11285,1934,15083,1934,12318,2802,13513,2824,12740,1934,12919,1934,10269,1934,14003,2107,10738,1884,10230,1934,12425,1934,15739,2494,13410,2379,11372,1934,11650,1934,12385,3112,15044,2506,13197,1934,11438,1934,14252,3088,15263,2186,10528
A68,Navistar,A68,2254,15198,2254,9584,2254,10462,2294,12237,2139,9503,2254,10316,2254,12234,2427,11972,2959,13586,2254,11691,2254,14432,2906,14470,2348,10029,2254,10400,2254,12545,2254,14668,2298,11731,3125,13126,2254,12391,2254,12230,2254,13467,2472,11589,2683,13550,2254,12873,2254,11269,1942,10110,2856,14001,2254,9396,2254,15197,2254,10901,2671,14155,2164,11411,2254,13310,2254,10156,2254,13138,2970,14041,2820,13781,2254,13061,2254,13049,2254,14375,2214,11190,2773,14098,2254,10864,2254,13951,2418,11096,2929,14618,2254,12207,2254,14812,2692,13453,2616,13024,2254,10474,2254,11642,2257,11434,2413,13591
A69,Volvo,A69,2066,14388,2066,14391,2066,12652,2374,11865,2127,11019,2066,14906,2066,9940,2432,12403,2244,9722,2066,12726,2066,10566,2095,11513,1721,8813,2066,14033,2066,9261,2066,11941,2211,12409,2452,11111,2066,12155,2066,13843,2066,13932,2290,11810,2631,12014,2066,10425,2066,10490,2361,11408,2508,12757,2066,9522,2066,15398,2066,9530,2447,13220,2231,12165,2066,8736,2066,13903,2066,14190,2540,11632,2392,12101,2066,13352,2066,8576,2066,12959,2334,12428,2393,10882,2066,11104,2066,14349,2356,10571,1942,8389,2066,14651,2066,11216,1762,8318,2526,12859,2066,13493,2066,8598,2395,12502,1987,9986
A70,Peterbilt,A70,2306,12746,2306,15806,2306,12751,2515,13044,2266,11426,2306,9151,2306,11094,2958,13562,1688,9048,2306,12749,2306,14470,3310,14894,1812,10367,2306,8840,2306,10937,2306,9050,2398,11877,2097,11701,2306,10043,2306,13786,2306,15278,3244,13856,2773,13249,2306,10644,2306,14071,2099,10669,2134,9441,2306,11437,2306,11244,2306,9184,2974,12832,2665,13148,2306,8218,2306,11969,2306,12070,2335,12408,1997,10773,2306,11255,2306,10963,2306,14149,2665,13080,3039,13710,2306,8672,2306,12877,3092,14728,1996,11379,2306,10517,2306,10899,1926,9116,2590,13379,2306,12577,2306,9500,2469,11803,1821,10349
A71,Peterbilt,A71,2840,14071,2840,14205,2840,12028,2099,10274,3102,15145,2840,8722,2840,15898,2875,13351,3197,14932,2840,11510,2840,9774,2852,14369,2538,13675,2840,10269,2840,15267,2840,10400,2552,10569,3123,14529,2840,10569,2840,12396,2840,15427,2545,13687,2726,11500,2840,11693,2840,10900,1825,9074,2464,13916,2840,14021,2840,15021,2840,12512,2596,12597,2239,11371,2840,12267,2840,11848,2840,13413,2614,13146,3004,14765,2840,15799,2840,10320,2840,11944,2713,12293,2553,13463,2840,13883,2840,14253,1864,10476,1951,9750,2840,9737,2840,12637,3025,13428,1946,10024,2840,11762,2840,11529,3149,12833,1708,8784
A72,Caterpillar,A72,2465,13464,2465,11882,2465,11931,3373,15179,1912,10102,2465,13844,2465,11697,2767,13132,2413,11523,2465,11535,2465,10106,2370,13638,1985,9796,2465,13047,2465,9415,2465,14726,2286,10821,2166,11744,2465,13049,2465,9360,2465,10725,2948,12793,2467,13781,2465,14869,2465,9057,2912,14256,1964,10246,2465,10227,2465,10231,2465,10584,3532,14902,2118,9962,2465,14347,2465,8115,2465,13914,2310,10867,1721,8826,2465,9745,2465,13223,2465,13389,2932,13775,2491,11097,2465,13925,2465,12837,2837,12099,2496,12223,2465,12562,2465,9232,2203,11265,2225,12105,2465,11607,2465,14433,3557,15461,2162,11743
A73,Oshkosh,A73,2377,8690,2377,11745,2377,10494,2476,13010,2560,12639,2377,9424,2377,8931,3107,13105,3200,15313,2377,14719,2377,12110,2752,14443,2670,13061,2377,10240,2377,9169,2377,11244,1890,9955,2586,14222,2377,9846,2377,13173,2377,10747,2009,9116,2379,11855,2377,12639,2377,14050,2676,11242,2053,10414,2377,11959,2377,8408,2377,13937,2703,12509,3337,14103,2377,10961,2377,9655,2377,14180,2067,9829,2038,11084,2377,9287,2377,11787,2377,11734,1979,9980,2893,13966,2377,14175,2377,13616,2973,14561,2649,13678,2377,9808,2377,10451,2729,13693,1683,9222,2377,13561,2377,13460,2506,12228,3308,14794
A74,Kenworth,A74,2003,9265,2003,14208,2003,13803,1797,8834,1492,8566,2003,10181,2003,11712,3095,15262,2222,11670,2003,12566,2003,11059,2096,11239,2851,13387,2003,10929,2003,12302,2003,14157,2376,12817,2213,10409,2003,11072,2003,10308,2003,13542,2150,9059,2067,9610,2003,9927,2003,9280,2043,11056,2300,11355,2003,13752,2003,15589,2003,12572,2479,13048,1971,10959,2003,9506,2003,14340,2003,12440,2584,13757,2957,14616,2003,10601,2003,13964,2003,9907,3302,14180,3099,14214,2003,10873,2003,11055,2557,13317,2046,10461,2003,11583,2003,10177,2626,13352,2264,11325,2003,10861,2003,12203,2055,11401,2424,11282
A75,Hino,A75,2414,13954,2414,15257,2414,13216,2061,10164,1676,8307,2414,9636,2414,12402,2087,10382,2327,10964,2414,11773,2414,11088,3119,14835,3233,13199,2414,11358,2414,11240,2414,12517,2650,13729,2047,10287,2414,13749,2414,14085,2414,12738,2354,11954,2680,13529,2414,11189,2414,13167,2188,11771,2934,13137,2414,15194,2414,9965,2414,11650,2786,13470,2267,11603,2414,9717,2414,15766,2414,12465,3073,15397,1669,9190,2414,9745,2414,9881,2414,9910,1981,10081,2925,15184,2414,14970,2414,11108,2152,10790,2355,12526,2414,13862,2414,12572,1997,10342,2942,14691,2414,10033,2414,8951,1846,10486,2495,13203
A76,Caterpillar,A76,2840,9268,2840,9415,2840,11208,2813,14806,3126,14406,2840,11639,2840,13969,2185,11224,2323,11267,2840,13631,2840,14751,2526,12608,2530,13351,2840,13292,2840,13249,2840,10255,3049,14489,2475,12940,2840,10584,2840,13265,2840,12962,2664,13079,2282,12487,2840,10824,2840,9801,2586,12587,1623,8176,2840,12293,2840,13953,2840,10724,1769,10250,2865,13733,2840,14922,2840,14914,2840,10414,2693,14941,2098,11157,2840,13707,2840,10920,2840,13928,1893,10836,1967,9374,2840,9605,2840,11156,2445,12087,2916,14887,2840,10140,2840,10684,2826,14753,1802,9448,2840,10990,2840,13907,1913,9644,1886,10451
A77,Ford,A77,1939,14309,1939,9905,1939,10879,2087,8734,2366,12580,1939,12767,1939,9917,3453,14472,2860,13887,1939,12953,1939,11096,1988,9705,2180,12043,1939,10495,1939,14610,1939,11900,2117,10648,2110,11089,1939,14979,1939,11290,1939,11632,3215,13972,2035,8598,1939,14460,1939,14566,1970,10838,2491,13350,1939,9847,1939,10863,1939,14796,2180,11019,2752,13187,1939,13753,1939,11660,1939,11689,2245,13010,2472,12779,1939,10271,1939,9226,1939,11531,2775,14543,2896,14411,1939,12906,1939,15637,2731,12796,2386,13572,1939,11378,1939,11282,2764,12327,2915,13087,1939,13019,1939,14676,2596,11834,2654,12630
A78,Navistar,A78,2454,11354,2454,13817,2454,9846,2776,13700,2069,9430,2454,12921,2454,14184,2043,10533,2800,14328,2454,15064,2454,13765,2227,10529,3339,14447,2454,12782,2454,10457,2454,14524,2001,9892,2091,9990,2454,13290,2454,11669,2454,10941,3580,14667,2081,10750,2454,10379,2454,8725,1930,9762,2848,14038,2454,13716,2454,13098,2454,10039,2773,13347,1593,8693,2454,14441,2454,10420,2454,11356,1671,9669,2540,12822,2454,9403,2454,12441,2454,10586,2647,11107,2371,12026,2454,13865,2454,12065,1772,9086,2772,13141,2454,14007,2454,9371,1863,10686,1690,9692,2454,12778,2454,11760,2800,12687,2045,10540
A79,Volvo,A79,1679,12324,1679,9480,1679,12997,2170,11744,2313,12225,1679,15574,1679,11976,2886,14471,2787,13181,1679,13794,1679,10440,1800,9298,1964,9238,1679,14021,1679,12637,1679,12894,2181,10454,2326,11177,1679,14237,1679,12096,1679,13420,2450,13562,2012,9284,1679,12175,1679,10692,2179,11578,2475,13713,1679,14937,1679,13666,1679,10705,2809,15756,3355,15548,1679,11376,1679,8974,1679,14840,2780,12979,2313,11766,1679,9425,1679,11032,1679,9937,2609,12764,1637,8505,1679,13565,1679,12308,2391,11010,2286,9859,1679,10617,1679,12636,2537,13138,2316,12100,1679,9464,1679,11455,3198,15171,2709,12878
A80,Peterbilt,A80,2457,10661,2457,15200,2457,12178,2142,10813,2624,11419,2457,10237,2457,11389,2680,13060,2798,12834,2457,10756,2457,11533,2500,12867,2489,12034,2457,14485,2457,9417,2457,14443,2923,15097,2012,10765,2457,11325,2457,13688,2457,15822,3465,13966,2408,12841,2457,13980,2457,11797,2172,10559,3427,15378,2457,13481,2457,11983,2457,11602,2195,11363,2618,11108,2457,14317,2457,9695,2457,14005,1879,9958,2762,14485,2457,10206,2457,15140,2457,10309,2723,13575,2462,13595,2457,14478,2457,12252,2454,12721,2584,13403,2457,11477,2457,14343,2701,15028,2936,13491,2457,12301,2457,15224,2092,10534,2536,12497
A81,Peterbilt,A81,2138,9723,2138,9716,2138,11622,2025,10900,2632,12561,2138,12307,2138,12259,2228,9937,1806,9771,2138,11984,2138,12860,2819,13577,2000,8653,2138,9193,2138,10580,2138,10286,2606,13261,2606,11058,2138,13681,2138,12938,2138,12313,2344,10578,1809,9349,2138,14415,2138,11924,2766,12822,2473,13779,2138,14279,2138,13316,2138,11464,2856,14434,2038,9506,2138,12274,2138,13741,2138,10855,2013,10832,1857,10852,2138,11873,2138,10617,2138,12881,1977,10456,2623,13370,2138,14434,2138,15091,3470,14382,2746,14153,2138,10259,2138,9407,2577,11633,2130,11471,2138,12195,2138,12496,2373,13822,2634,13133
A82,Caterpillar,A82,2223,12435,2223,8611,2223,11205,2029,10096,2669,11071,2223,10127,2223,10648,2389,10976,1835,9359,2223,14198,2223,12328,2285,10427,2903,13472,2223,9327,2223,14047,2223,10522,2621,12403,2186,10524,2223,14855,2223,8689,2223,14153,2426,12737,1839,10156,2223,9238,2223,11937,2777,12229,2459,13973,2223,15126,2223,13139,2223,8230,2201,10760,2004,9951,2223,11844,2223,11259,2223,9980,2158,10992,2565,13323,2223,12331,2223,10279,2223,13733,2882,12199,2791,15119,2223,14688,2223,14820,2933,15648,1623,8962,2223,11087,2223,10956,2402,12800,1911,9644,2223,10622,2223,14473,2022,9487,1864,10527
A83,Oshkosh,A83,2365,13529,2365,13100,2365,11127,1743,10127,2116,10948,2365,14358,2365,10332,2351,12822,2392,12600,2365,13213,2365,11909,2064,10814,1668,9716,2365,10304,2365,9532,2365,13840,3167,14838,2066,10104,2365,14420,2365,14338,2365,10969,2194,10803,1834,9617,2365,11738,2365,15270,2226,9357,2298,11816,2365,15218,2365,11651,2365,11466,3074,15430,2519,12388,2365,8319,2365,9828,2365,12005,1869,9947,2507,14068,2365,11860,2365,11521,2365,12609,1968,9686,2916,14835,2365,8829,2365,12688,2769,13597,2349,13331,2365,13922,2365,12861,2528,13981,2045,9398,2365,12647,2365,13248,2435,13654,2355,12644
A84,Freightliner,A84,2902,12205,2902,9308,2902,10559,2051,8895,2136,10893,2902,14330,2902,13872,2885,14067,2902,12242,2902,9615,2902,10184,2973,13615,1955,9993,2902,13308,2902,15708,2902,11996,2361,12945,1727,10283,2902,9154,2902,9810,2902,14813,2258,11827,3035,14401,2902,11457,2902,10024,1733,9552,2170,11048,2902,11390,2902,10070,2902,12089,2816,13045,2070,11417,2902,12025,2902,11872,2902,9717,2353,12335,2307,11640,2902,10439,2902,13907,2902,11991,2575,12369,2870,15234,2902,13161,2902,10617,3015,14722,2629,13537,2902,11377,2902,11807,1583,8907,3453,15363,2902,15706,2902,13957,2809,13860,2628,12962
A85,Ford,A85,2483,13488,2483,13754,2483,13371,2376,10948,1805,10530,2483,11420,2483,10394,2208,11244,2019,11394,2483,13981,2483,12569,2617,13879,2429,13167,2483,9588,2483,14073,2483,10011,2224,10757,2000,9508,2483,13559,2483,11283,2483,12395,2898,12350,3048,14368,2483,8765,2483,10985,2981,12760,1528,8727,2483,13716,2483,12518,2483,13589,2176,10592,2707,15319,2483,11579,2483,10610,2483,10798,2990,14290,2094,11849,2483,9510,2483,13819,2483,10027,2470,11605,2772,12421,2483,10449,2483,10668,2436,11321,3017,13780,2483,10895,2483,14415,2118,9999,1673,9272,2483,13018,2483,11855,1990,9514,2100,9251
A86,Ford,A86,2365,12993,2365,11974,2365,13306,1890,8743,2527,14137,2365,10482,2365,10130,1977,10442,2336,12244,2365,12438,2365,10867,1729,8772,1782,9206,2365,11538,2365,10241,2365,10152,2214,12869,2538,13263,2365,14738,2365,11923,2365,11322,1805,10579,2443,12696,2365,14796,2365,11821,2328,11484,2573,13066,2365,13680,2365,8886,2365,14718,2393,12610,1636,9324,2365,12710,2365,12847,2365,12170,1555,8612,1963,9817,2365,12221,2365,13182,2365,13246,2615,14944,3175,13719,2365,14008,2365,10162,1690,9217,2035,11372,2365,10363,2365,11616,1496,8741,1700,8811,2365,12617,2365,8538,2269,11441,2862,13764
A87,Kenworth,A87,2713,11712,2713,12556,2713,15262,2046,10725,1811,9857,2713,12787,2713,15541,1927,10794,3141,14344,2713,12976,2713,14094,1965,9827,2175,11846,2713,12551,2713,15597,2713,13516,2596,13562,2350,12502,2713,10386,2713,14176,2713,11804,1947,10235,2262,10779,2713,12827,2713,11599,1731,8744,2924,14905,2713,14201,2713,11181,2713,13545,2649,13338,2417,10958,2713,13853,2713,15592,2713,14143,2135,10313,3059,13669,2713,9161,2713,11616,2713,14230,2310,11185,2233,12508,2713,12354,2713,13787,2030,11300,2939,12998,2713,13510,2713,9934,1806,9318,2344,11605,2713,9852,2713,11663,2092,10661,2378,13044
A88,Hino,A88,2190,15275,2190,13373,2190,13825,2078,10785,1772,9807,2190,11548,2190,14543,2713,15454,2067,10680,2190,12089,2190,11381,2295,10883,2677,13721,2190,14408,2190,10069,2190,11706,2580,11401,2612,12687,2190,10687,2190,14970,2190,9783,2705,14321,1675,8218,2190,10704,2190,12874,2295,11906,2575,13219,2190,14827,2190,13132,2190,12393,1971,9651,1994,9653,2190,13253,2190,12980,2190,12256,1848,8770,2414,12397,2190,14986,2190,14580,2190,11293,2735,12998,2424,11494,2190,10656,2190,15414,3071,14351,3499,14832,2190,13619,2190,12701,2798,12805,1965,9741,2190,11062,2190,13191,1850,10432,2210,11237
A89,Caterpillar,A89,2544,12921,2544,13877,2544,13646,2379,11761,2628,11678,2544,15264,2544,11991,2578,12921,2296,11766,2544,12826,2544,8679,2243,10592,2863,14481,2544,9969,2544,14497,2544,9206,2202,12128,2442,12142,2544,14328,2544,10098,2544,10481,3032,15113,1623,8858,2544,11169,2544,13059,2347,10467,2775,13313,2544,13944,2544,11401,2544,9715,1979,10334,3344,14955,2544,9663,2544,10658,2544,9046,2366,13209,2082,10276,2544,9945,2544,9707,2544,11024,3166,15156,2927,14587,2544,11281,2544,13356,2184,10828,2654,14115,2544,14134,2544,12158,2211,12820,2296,11646,2544,13075,2544,11667,2620,14110,2976,12489
A90,Ford,A90,2375,14880,2375,13370,2375,11061,2923,14309,3689,15066,2375,12220,2375,14802,2026,10580,2551,10543,2375,11677,2375,10543,3096,15083,1834,8447,2375,12905,2375,11613,2375,13446,3040,15295,1996,10041,2375,14739,2375,10823,2375,11640,2248,10373,3482,14563,2375,12400,2375,15280,1872,10515,3372,14793,2375,13794,2375,10033,2375,14715,2311,12457,1992,9163,2375,13607,2375,13077,2375,8924,2667,12956,2008,10788,2375,11686,2375,10560,2375,12749,2211,11289,2336,11374,2375,10450,2375,10177,2520,12949,1851,9621,2375,14599,2375,9384,2368,11383,2402,13712,2375,11304,2375,13771,1867,8826,2646,14528
A91,Navistar,A91,1959,15553,1959,10515,1959,14540,2209,10749,2312,12889,1959,15287,1959,10966,2534,12292,2360,12457,1959,10715,1959,11068,2520,13448,2185,10162,1959,12727,1959,11762,1959,11461,2710,11504,2044,10116,1959,13135,1959,9865,1959,14599,2777,13538,2381,11749,1959,9329,1959,13974,2633,12926,1650,8908,1959,14583,1959,11269,1959,11731,2286,11077,1970,10348,1959,10640,1959,13611,1959,12720,1612,9379,2380,13925,1959,8714,1959,9395,1959,15187,2689,13119,2046,11209,1959,10434,1959,13197,2582,12173,2877,14219,1959,13440,1959,10990,2629,11694,2829,12456,1959,9468,1959,14957,2230,10838,2823,13330
A92,Volvo,A92,1741,15440,1741,10251,1741,8982,2159,9697,2602,12721,1741,12044,1741,14249,2084,10263,2129,9930,1741,12520,1741,10613,1899,9651,1824,10217,1741,8636,1741,14095,1741,10060,2288,10991,2501,11700,1741,13786,1741,8489,1741,8542,2271,11564,1725,8978,1741,9137,1741,8744,2743,12698,2346,11926,1741,12925,1741,12723,1741,12467,2552,12871,2960,13617,1741,12469,1741,10108,1741,10335,2005,10278,2083,10350,1741,11638,1741,14184,1741,12418,3496,15195,2014,10046,1741,10393,1741,8775,3058,13313,2628,11787,1741,8244,1741,14248,2552,15004,2716,13791,1741,9846,1741,11630,2630,14248,1856,9222
A93,Navistar,A93,3050,11099,3050,9576,3050,9023,2587,12501,2249,10908,3050,14232,3050,11939,2252,9753,2142,10066,3050,13460,3050,9816,2695,12884,2104,10210,3050,8377,3050,13279,3050,13132,3138,14865,2687,13931,3050,11861,3050,12488,3050,13940,2091,12222,2805,14090,3050,10724,3050,12833,1988,10119,2053,11481,3050,13852,3050,13305,3050,11367,2043,10566,1902,9433,3050,11064,3050,12919,3050,12984,2474,11370,2644,11774,3050,13570,3050,11691,3050,11194,2683,14662,2769,13849,3050,12568,3050,14986,2479,11148,2653,13640,3050,9453,3050,10597,3303,14242,2731,14043,3050,13974,3050,9294,2001,9891,1631,9685
A94,Volvo,A94,2387,14367,2387,12310,2387,9607,2640,14102,2968,14344,2387,10959,2387,10479,2652,13164,2821,14834,2387,12591,2387,11925,2640,13566,2479,11680,2387,14054,2387,10737,2387,14666,2383,12413,2098,10073,2387,13029,2387,12256,2387,9261,3445,15158,3006,15384,2387,12569,2387,13543,2831,12164,2447,11138,2387,10041,2387,10416,2387,10338,3275,14591,2474,13296,2387,13090,2387,11058,2387,15499,3349,14569,2605,11184,2387,10508,2387,11297,2387,15759,2296,11686,2482,12810,2387,14062,2387,9207,3381,14426,2941,14547,2387,10610,2387,14663,2658,11552,2188,12295,2387,13269,2387,12843,1870,10667,2668,12094
A95,Peterbilt,A95,3022,9551,3022,12098,3022,10859,1891,8774,2608,12830,3022,8612,3022,11774,3197,14945,2314,12110,3022,10550,3022,13045,2253,9481,2138,10767,3022,9784,3022,10098,3022,11528,2620,13444,2666,13394,3022,10229,3022,10074,3022,13849,3354,14537,2402,12482,3022,15075,3022,11789,3128,15384,1893,9284,3022,10301,3022,12002,3022,11400,1921,10378,3328,14670,3022,12667,3022,13950,3022,14234,2733,11555,2081,11630,3022,15064,3022,13848,3022,11255,2742,14149,2527,12329,3022,12044,3022,14345,2746,13046,2641,12365,3022,10374,3022,12851,1771,8575,1792,10469,3022,11399,3022,10676,2319,11509,1899,9488
A96,Peterbilt,A96,2301,12519,2301,11250,2301,10156,2408,12361,1811,9767,2301,14461,2301,12203,3237,14858,2545,12299,2301,10604,2301,9150,1778,9047,1946,9501,2301,12484,2301,12512,2301,10441,2066,9347,2375,11249,2301,14658,2301,8213,2301,9383,2685,12810,1773,9384,2301,10551,2301,13618,2931,12417,2654,14390,2301,10113,2301,9998,2301,11162,2903,14536,2637,12738,2301,11023,2301,12147,2301,13391,2265,13319,3101,15165,2301,10595,2301,11009,2301,14115,1971,9522,2566,13991,2301,14533,2301,11334,2187,10044,2692,14157,2301,12317,2301,13750,1710,9659,2080,11820,2301,12069,2301,11918,2372,12043,2561,14186
A97,Caterpillar,A97,3172,9916,3172,8414,3172,11917,2065,11619,2432,13902,3172,11103,3172,9256,2524,12340,3049,14064,3172,10952,3172,11093,2188,11680,2151,11325,3172,10654,3172,12097,3172,10968,2043,10785,2303,10636,3172,12363,3172,9665,3172,11872,2459,13505,2100,11633,3172,11296,3172,14634,2063,11093,3235,15508,3172,11352,3172,9051,3172,12217,3131,13137,2425,13489,3172,12562,3172,11197,3172,15333,2469,12147,2184,11478,3172,12729,3172,11015,3172,10544,2411,11929,1862,10189,3172,12078,3172,12422,3055,13899,2363,11316,3172,12444,3172,12394,1868,8647,2051,10626,3172,10435,3172,10305,2605,12596,2402,11378
A98,Volvo,A98,2573,14738,2573,15421,2573,11959,1933,10298,2572,10426,2573,14971,2573,10870,2424,12786,2846,13202,2573,10349,2573,10264,2414,12128,2457,10785,2573,11496,2573,11063,2573,10591,2592,13732,2406,11915,2573,10324,2573,10587,2573,14079,2160,10700,2465,13332,2573,15863,2573,10841,2165,10990,3313,14622,2573,11884,2573,10799,2573,9339,1818,9940,2238,10732,2573,11088,2573,12808,2573,13478,2108,11277,2098,11837,2573,13159,2573,14975,2573,14411,1884,9722,2528,11661,2573,9074,2573,9836,1648,8646,2635,13118,2573,11286,2573,12299,2260,10924,2634,11399,2573,10151,2573,11554,1787,8552,2070,12384
A99,Peterbilt,A99,1944,10929,1944,13273,1944,8092,2171,11868,2256,9923,1944,9631,1944,10551,2424,10680,2147,11130,1944,12409,1944,10813,2777,13164,2695,14551,1944,12717,1944,8746,1944,11109,2489,12781,2416,11904,1944,10467,1944,10224,1944,13298,1877,9712,2426,11197,1944,10523,1944,13670,2301,11912,2025,10664,1944,13518,1944,12897,1944,13152,2834,14685,2720,13912,1944,12901,1944,9610,1944,12286,2549,13844,2428,11069,1944,11137,1944,13617,1944,9565,2613,13337,2529,12916,1944,14832,1944,13925,2744,15530,2184,11366,1944,11926,1944,9282,2237,11465,2733,11551,1944,9150,1944,15402,1909,9731,2449,12256
A100,Peterbilt,A100,2394,8179,2394,10292,2394,14383,1795,8355,2841,12698,2394,13130,2394,13150,2057,10284,1795,8946,2394,10440,2394,9423,2152,9757,1924,10809,2394,14187,2394,10661,2394,12028,2314,10539,2005,10562,2394,13715,2394,10465,2394,12233,1910,9473,2903,13821,2394,12687,2394,8984,2648,11734,2471,12809,2394,12080,2394,12044,2394,13593,2347,10803,2329,13019,2394,12034,2394,14229,2394,8433,2243,9461,2539,11924,2394,12080,2394,15365,2394,14924,2203,9987,2488,13991,2394,12445,2394,13407,2709,13385,2958,13328,2394,9845,2394,14414,2892,13263,3116,14989,2394,11410,2394,9152,2284,11808,1880,9181
